INSERT INTO inmueble (id_inmueble, tipo, direccion, area, descripcion, precio)
VALUES
    ('IMB0001', 'Casa', 'Calle 123, Ciudad A', 200.50, 'Casa de dos plantas con jardín', 250000.00),
    ('IMB0002', 'Apartamento', 'Avenida 456, Ciudad B', 80.25, 'Apartamento con vista al mar', 125000.00),
    ('IMB0003', 'Casa', 'Calle 789, Ciudad C', 180.75, 'Amplia casa con piscina', 350000.00),
    ('IMB0004', 'Apartamento', 'Avenida 012, Ciudad D', 65.00, 'Apartamento en el centro de la ciudad', 95000.00),
    ('IMB0005', 'Terreno', 'Calle 345, Ciudad E', 500.00, 'Terreno para desarrollo', 180000.00),
    ('IMB0006', 'Casa', 'Avenida 678, Ciudad F', 220.00, 'Casa moderna con garaje', 280000.00),
    ('IMB0007', 'Apartamento', 'Calle 901, Ciudad G', 75.50, 'Apartamento en zona residencial', 110000.00),
    ('IMB0008', 'Casa', 'Avenida 234, Ciudad H', 150.80, 'Casa con jardín y terraza', 320000.00),
    ('IMB0009', 'Terreno', 'Calle 567, Ciudad I', 800.00, 'Terreno para desarrollo comercial', 450000.00),
    ('IMB0010', 'Casa', 'Avenida 890, Ciudad J', 210.25, 'Casa con piscina y vistas panorámicas', 380000.00),
    ('IMB0011', 'Apartamento', 'Calle 123, Ciudad K', 90.75, 'Apartamento con balcón', 135000.00),
    ('IMB0012', 'Casa', 'Avenida 456, Ciudad L', 185.40, 'Casa de estilo colonial', 295000.00),
    ('IMB0013', 'Apartamento', 'Calle 789, Ciudad M', 70.30, 'Apartamento en edificio moderno', 115000.00),
    ('IMB0014', 'Terreno', 'Avenida 012, Ciudad N', 600.00, 'Terreno con acceso a carretera', 250000.00),
    ('IMB0015', 'Casa', 'Calle 345, Ciudad O', 198.75, 'Casa con amplio patio', 270000.00),
    ('IMB0016', 'Apartamento', 'Avenida 678, Ciudad P', 85.00, 'Apartamento amueblado', 145000.00),
    ('IMB0017', 'Casa', 'Calle 901, Ciudad Q', 220.25, 'Casa con piscina y zona de barbacoa', 360000.00),
    ('IMB0018', 'Terreno', 'Avenida 234, Ciudad R', 750.00, 'Terreno en área comercial', 400000.00),
    ('IMB0019', 'Casa', 'Calle 567, Ciudad S', 205.50, 'Casa con diseño contemporáneo', 310000.00),
    ('IMB0020', 'Apartamento', 'Avenida 890, Ciudad T', 78.20, 'Apartamento en planta baja', 125000.00);

INSERT INTO cliente (id_cliente, nombre, apellido_paterno, apellido_materno, telefono)
VALUES
    ('CLI00001', 'Juan', 'Pérez', 'García', '5551234567'),
    ('CLI00002', 'María', 'Gómez', 'López', '5552345678'),
    ('CLI00003', 'Carlos', 'Rodríguez', 'Fernández', '5553456789'),
    ('CLI00004', 'Ana', 'López', 'Martínez', '5554567890'),
    ('CLI00005', 'Luis', 'Martínez', 'Gómez', '5555678901'),
    ('CLI00006', 'Laura', 'Sánchez', 'Díaz', '5556789012'),
    ('CLI00007', 'Miguel', 'García', 'Ramírez', '5557890123'),
    ('CLI00008', 'Sofía', 'Fernández', 'González', '5558901234'),
    ('CLI00009', 'Pedro', 'Torres', 'López', '5559012345'),
    ('CLI00010', 'Elena', 'Ramírez', 'Torres', '5550123456'),
    ('CLI00011', 'Javier', 'Díaz', 'Sánchez', '5551234567'),
    ('CLI00012', 'Paula', 'Hernández', 'Pérez', '5552345678'),
    ('CLI00013', 'Alejandro', 'Gómez', 'Fernández', '5553456789'),
    ('CLI00014', 'Carmen', 'Martínez', 'Rodríguez', '5554567890'),
    ('CLI00015', 'Roberto', 'Sánchez', 'García', '5555678901'),
    ('CLI00016', 'Patricia', 'García', 'Díaz', '5556789012'),
    ('CLI00017', 'Daniel', 'Fernández', 'López', '5557890123'),
    ('CLI00018', 'Isabel', 'Torres', 'Hernández', '5558901234'),
    ('CLI00019', 'Fernando', 'Ramírez', 'Pérez', '5550123456'),
    ('CLI00020', 'Gloria', 'Díaz', 'Rodríguez', '5551234567');
    
INSERT INTO documento (id_documento, inmueble_O_cliente, id_inmueble, id_cliente, tipo_documento, fecha_adquisicion)
VALUES
    ('DOC00001', 'cliente', NULL, 'CLI00001', 'Contrato de Compra', '2023-01-15'),
    ('DOC00002', 'inmueble', 'IMB0001', NULL, 'Escritura de Propiedad', '2022-12-10'),
    ('DOC00003', 'cliente', NULL, 'CLI00002', 'Contrato de Alquiler', '2022-11-20'),
    ('DOC00004', 'inmueble', 'IMB0002', NULL, 'Escritura de Propiedad', '2023-03-05'),
    ('DOC00005', 'cliente', NULL, 'CLI00003', 'Contrato de Compra', '2023-04-02'),
    ('DOC00006', 'inmueble', 'IMB0003', NULL, 'Escritura de Propiedad', '2023-02-18'),
    ('DOC00007', 'cliente', NULL, 'CLI00004', 'Contrato de Alquiler', '2022-12-25'),
    ('DOC00008', 'inmueble', 'IMB0004', NULL, 'Escritura de Propiedad', '2022-11-15'),
    ('DOC00009', 'cliente', NULL, 'CLI00005', 'Contrato de Compra', '2023-05-10'),
    ('DOC00010', 'inmueble', 'IMB0005', NULL, 'Escritura de Propiedad', '2023-01-28'),
    ('DOC00011', 'cliente', NULL, 'CLI00006', 'Contrato de Alquiler', '2022-11-30'),
    ('DOC00012', 'inmueble', 'IMB0006', NULL, 'Escritura de Propiedad', '2023-04-15'),
    ('DOC00013', 'cliente', NULL, 'CLI00007', 'Contrato de Compra', '2023-02-05'),
    ('DOC00014', 'inmueble', 'IMB0007', NULL, 'Escritura de Propiedad', '2022-12-15'),
    ('DOC00015', 'cliente', NULL, 'CLI00008', 'Contrato de Alquiler', '2023-03-10'),
    ('DOC00016', 'inmueble', 'IMB0008', NULL, 'Escritura de Propiedad', '2023-01-20'),
    ('DOC00017', 'cliente', NULL, 'CLI00009', 'Contrato de Compra', '2022-11-10'),
    ('DOC00018', 'inmueble', 'IMB0009', NULL, 'Escritura de Propiedad', '2022-12-30'),
    ('DOC00019', 'cliente', NULL, 'CLI00010', 'Contrato de Alquiler', '2023-02-20'),
    ('DOC00020', 'inmueble', 'IMB0010', NULL, 'Escritura de Propiedad', '2023-05-05');
    
INSERT INTO agente (id_agente, nombre, apellido_paterno, apellido_materno, telefono, correo_electronico)
VALUES
    ('AG01', 'Juan', 'Pérez', 'García', '5551234567', 'juan.perez@email.com'),
    ('AG02', 'María', 'Gómez', 'López', '5552345678', 'maria.gomez@email.com'),
    ('AG03', 'Carlos', 'Rodríguez', 'Fernández', '5553456789', 'carlos.rod@email.com'),
    ('AG04', 'Ana', 'López', 'Martínez', '5554567890', 'ana.lopez@email.com'),
    ('AG05', 'Luis', 'Martínez', 'Gómez', '5555678901', 'luis.martinez@email.com'),
    ('AG06', 'Laura', 'Sánchez', 'Díaz', '5556789012', 'laura.sanchez@email.com'),
    ('AG07', 'Miguel', 'García', 'Ramírez', '5557890123', 'miguel.garcia@email.com'),
    ('AG08', 'Sofía', 'Fernández', 'González', '5558901234', 'sofia.fernandez@email.com'),
    ('AG09', 'Pedro', 'Torres', 'López', '5559012345', 'pedro.torres@email.com'),
    ('AG10', 'Elena', 'Ramírez', 'Torres', '5550123456', 'elena.ramirez@email.com'),
    ('AG11', 'Javier', 'Díaz', 'Sánchez', '5551234567', 'javier.diaz@email.com'),
    ('AG12', 'Paula', 'Hernández', 'Pérez', '5552345678', 'paula.hernandez@email.com'),
    ('AG13', 'Alejandro', 'Gómez', 'Fernández', '5553456789', 'alejandro.gomez@email.com'),
    ('AG14', 'Carmen', 'Martínez', 'Rodríguez', '5554567890', 'carmen.martinez@email.com'),
    ('AG15', 'Roberto', 'Sánchez', 'García', '5555678901', 'roberto.sanchez@email.com'),
    ('AG16', 'Patricia', 'García', 'Díaz', '5556789012', 'patricia.garcia@email.com'),
    ('AG17', 'Daniel', 'Fernández', 'López', '5557890123', 'daniel.fernandez@email.com'),
    ('AG18', 'Isabel', 'Torres', 'Hernández', '5558901234', 'isabel.torres@email.com'),
    ('AG19', 'Fernando', 'Ramírez', 'Pérez', '5550123456', 'fernando.ramirez@email.com'),
    ('AG20', 'Gloria', 'Díaz', 'Rodríguez', '5551234567', 'gloria.diaz@email.com');
    
INSERT INTO contrato (id_contrato, id_inmueble, id_cliente, id_agente, fecha_inicio, venta_O_renta, interes_simple, interes_simple_adicional, estatus)
VALUES
    ('CTR00001', 'IMB0001', 'CLI00001', 'AG01', '2023-01-15', 'venta', 0.05, 0.02, 'activo'),
    ('CTR00002', 'IMB0002', 'CLI00002', 'AG02', '2022-12-10', 'venta', 0.06, 0.02, 'activo'),
    ('CTR00003', 'IMB0003', 'CLI00003', 'AG03', '2022-11-20', 'venta', 0.04, 0.01, 'activo'),
    ('CTR00004', 'IMB0004', 'CLI00004', 'AG04', '2023-03-05', 'renta', 0.03, 0.01, 'activo'),
    ('CTR00005', 'IMB0005', 'CLI00005', 'AG05', '2023-04-02', 'venta', 0.05, 0.02, 'activo'),
    ('CTR00006', 'IMB0006', 'CLI00006', 'AG06', '2023-02-18', 'renta', 0.04, 0.01, 'activo'),
    ('CTR00007', 'IMB0007', 'CLI00007', 'AG07', '2022-12-25', 'venta', 0.06, 0.02, 'activo'),
    ('CTR00008', 'IMB0008', 'CLI00008', 'AG08', '2022-11-15', 'venta', 0.05, 0.02, 'activo'),
    ('CTR00009', 'IMB0009', 'CLI00009', 'AG09', '2023-05-10', 'renta', 0.04, 0.01, 'activo'),
    ('CTR00010', 'IMB0010', 'CLI00010', 'AG10', '2023-01-28', 'venta', 0.06, 0.02, 'activo'),
    ('CTR00011', 'IMB0001', 'CLI00001', 'AG01', '2022-11-30', 'venta', 0.05, 0.02, 'activo'),
    ('CTR00012', 'IMB0002', 'CLI00002', 'AG02', '2023-04-15', 'renta', 0.04, 0.01, 'activo'),
    ('CTR00013', 'IMB0003', 'CLI00003', 'AG03', '2023-02-05', 'venta', 0.06, 0.02, 'activo'),
    ('CTR00014', 'IMB0004', 'CLI00004', 'AG04', '2022-12-15', 'venta', 0.05, 0.02, 'activo'),
    ('CTR00015', 'IMB0005', 'CLI00005', 'AG05', '2023-03-10', 'renta', 0.04, 0.01, 'activo'),
    ('CTR00016', 'IMB0006', 'CLI00006', 'AG06', '2023-01-20', 'venta', 0.06, 0.02, 'activo'),
    ('CTR00017', 'IMB0007', 'CLI00007', 'AG07', '2022-11-10', 'venta', 0.05, 0.02, 'activo'),
    ('CTR00018', 'IMB0008', 'CLI00008', 'AG08', '2022-12-30', 'renta', 0.04, 0.01, 'activo'),
    ('CTR00019', 'IMB0009', 'CLI00009', 'AG09', '2023-02-20', 'venta', 0.06, 0.02, 'activo'),
    ('CTR00020', 'IMB0010', 'CLI00010', 'AG10', '2023-05-05', 'venta', 0.05, 0.02, 'activo');

INSERT INTO pago (id_pago, id_contrato, fecha, monto, estatus)
VALUES
    ('PAG0000001', 'CTR00001', '2023-01-15', 5000.00, 'realizado'),
    ('PAG0000002', 'CTR00001', '2023-02-15', 5000.00, 'realizado'),
    ('PAG0000003', 'CTR00002', '2023-01-30', 7500.00, 'realizado'),
    ('PAG0000004', 'CTR00002', '2023-02-28', 7500.00, 'realizado'),
    ('PAG0000005', 'CTR00003', '2023-01-25', 4000.00, 'realizado'),
    ('PAG0000006', 'CTR00003', '2023-02-25', 4000.00, 'realizado'),
    ('PAG0000007', 'CTR00004', '2023-04-01', 3000.00, 'realizado'),
    ('PAG0000008', 'CTR00004', '2023-05-01', 3000.00, 'realizado'),
    ('PAG0000009', 'CTR00005', '2023-01-10', 5500.00, 'realizado'),
    ('PAG0000010', 'CTR00005', '2023-02-10', 5500.00, 'realizado'),
    ('PAG0000011', 'CTR00006', '2023-03-15', 4500.00, 'realizado'),
    ('PAG0000012', 'CTR00006', '2023-04-15', 4500.00, 'realizado'),
    ('PAG0000013', 'CTR00007', '2023-01-20', 6000.00, 'realizado'),
    ('PAG0000014', 'CTR00007', '2023-02-20', 6000.00, 'realizado'),
    ('PAG0000015', 'CTR00008', '2023-01-05', 5000.00, 'realizado'),
    ('PAG0000016', 'CTR00008', '2023-02-05', 5000.00, 'realizado'),
    ('PAG0000017', 'CTR00009', '2023-04-10', 4000.00, 'realizado'),
    ('PAG0000018', 'CTR00009', '2023-05-10', 4000.00, 'realizado'),
    ('PAG0000019', 'CTR00010', '2023-01-18', 7500.00, 'realizado'),
    ('PAG0000020', 'CTR00010', '2023-02-18', 7500.00, 'realizado');

INSERT INTO historial_estado_contrato (id_estado, id_contrato, fecha, estatus)
VALUES
    ('EST01', 'CTR00001', '2023-01-15', 'activo'),
    ('EST02', 'CTR00001', '2023-02-15', 'activo'),
    ('EST03', 'CTR00001', '2023-03-15', 'inactivo'),
    ('EST04', 'CTR00002', '2023-01-30', 'activo'),
    ('EST05', 'CTR00002', '2023-02-28', 'inactivo'),
    ('EST06', 'CTR00002', '2023-03-30', 'inactivo'),
    ('EST07', 'CTR00003', '2023-01-25', 'activo'),
    ('EST08', 'CTR00003', '2023-02-25', 'activo'),
    ('EST09', 'CTR00003', '2023-03-25', 'activo'),
    ('EST10', 'CTR00004', '2023-04-01', 'activo'),
    ('EST11', 'CTR00004', '2023-05-01', 'inactivo'),
    ('EST12', 'CTR00004', '2023-06-01', 'inactivo'),
    ('EST13', 'CTR00005', '2023-01-10', 'activo'),
    ('EST14', 'CTR00005', '2023-02-10', 'activo'),
    ('EST15', 'CTR00005', '2023-03-10', 'inactivo'),
    ('EST16', 'CTR00006', '2023-03-15', 'activo'),
    ('EST17', 'CTR00006', '2023-04-15', 'inactivo'),
    ('EST18', 'CTR00007', '2023-01-20', 'activo'),
    ('EST19', 'CTR00007', '2023-02-20', 'inactivo'),
    ('EST20', 'CTR00008', '2023-01-05', 'activo');
    
INSERT INTO agenda (id_actividad, id_cliente, id_inmueble, tipo_actividad)
VALUES
    (1, 'CLI00001', 'IMB0001', 'Cita de venta'),
    (2, 'CLI00002', 'IMB0002', 'Cita de alquiler'),
    (3, 'CLI00003', 'IMB0003', 'Seguimiento'),
    (4, 'CLI00004', 'IMB0004', 'Inspección'),
    (5, 'CLI00005', 'IMB0005', 'Cita de venta'),
    (6, 'CLI00006', 'IMB0006', 'Cita de alquiler'),
    (7, 'CLI00007', 'IMB0007', 'Seguimiento'),
    (8, 'CLI00008', 'IMB0008', 'Inspección'),
    (9, 'CLI00009', 'IMB0009', 'Cita de venta'),
    (10, 'CLI00010', 'IMB0010', 'Cita de alquiler'),
    (11, 'CLI00001', 'IMB0001', 'Seguimiento'),
    (12, 'CLI00002', 'IMB0002', 'Cita de alquiler'),
    (13, 'CLI00003', 'IMB0003', 'Cita de venta'),
    (14, 'CLI00004', 'IMB0004', 'Inspección'),
    (15, 'CLI00005', 'IMB0005', 'Seguimiento'),
    (16, 'CLI00006', 'IMB0006', 'Cita de venta'),
    (17, 'CLI00007', 'IMB0007', 'Cita de alquiler'),
    (18, 'CLI00008', 'IMB0008', 'Inspección'),
    (19, 'CLI00009', 'IMB0009', 'Cita de venta'),
    (20, 'CLI00010', 'IMB0010', 'Cita de alquiler');
    
INSERT INTO visita_inmueble (id_visita, id_inmueble, id_cliente, id_agente, comentarios, calificacion)
VALUES
    (1, 'IMB0001', 'CLI00001', 'AG01', 'Buena presentación del inmueble.', 3),
    (2, 'IMB0002', 'CLI00002', 'AG02', 'El inmueble necesita reparaciones.', 3),
    (3, 'IMB0003', 'CLI00003', 'AG03', 'Cliente interesado en comprar.', 5),
    (4, 'IMB0004', 'CLI00004', 'AG04', 'Cliente indeciso.', 2),
    (5, 'IMB0005', 'CLI00005', 'AG05', 'Buenas condiciones del inmueble.', 4),
    (6, 'IMB0006', 'CLI00006', 'AG06', 'Cliente interesado en alquilar.', 4),
    (7, 'IMB0007', 'CLI00007', 'AG07', 'Visita programada para la próxima semana.', 1),
    (8, 'IMB0008', 'CLI00008', 'AG08', 'Cliente satisfecho con la ubicación.', 5),
    (9, 'IMB0009', 'CLI00009', 'AG09', 'Inmueble en buen estado.', 4),
    (10, 'IMB0010', 'CLI00010', 'AG10', 'Cliente necesita más información.', 3),
    (11, 'IMB0001', 'CLI00001', 'AG01', 'Cliente interesado en financiamiento.', 4),
    (12, 'IMB0002', 'CLI00002', 'AG02', 'Buen potencial de alquiler.', 4),
    (13, 'IMB0003', 'CLI00003', 'AG03', 'Cliente desea una segunda visita.', 2),
    (14, 'IMB0004', 'CLI00004', 'AG04', 'Inmueble necesita renovaciones.', 2),
    (15, 'IMB0005', 'CLI00005', 'AG05', 'Cliente desea ver más opciones.', 3),
    (16, 'IMB0006', 'CLI00006', 'AG06', 'Inmueble no cumple con requisitos.', 4),
    (17, 'IMB0007', 'CLI00007', 'AG07', 'Cliente satisfecho con la atención.', 5),
    (18, 'IMB0008', 'CLI00008', 'AG08', 'Inmueble en oferta especial.', 4),
    (19, 'IMB0009', 'CLI00009', 'AG09', 'Cliente necesita tiempo para decidir.', 2),
    (20, 'IMB0010', 'CLI00010', 'AG10', 'Cliente desea hacer una oferta.', 4);